[
  {
    "Name": "Ukázka",
    "ServerAddress": "server1.example.com",
    "DatabaseName": "Example1Database",
    "UseWindowsAuth": true,
    "Username": null,
    "Password": null,
    "UseCertificate": false,
    "CertificatePath": null
  },
  {
    "Name": "Ukázka2",
    "ServerAddress": "server2.example.com",
    "DatabaseName": "Example2Database",
    "UseWindowsAuth": false,
    "Username": "Example2UserName",
    "Password": "Example2Password",
    "UseCertificate": true,
    "CertificatePath": "C:/certificates/dbCert.pfx"
  }
]